{
    "name": "QWM20",
    "thicknesses": [
        0.0,
        63.02521008403362,
        102.73972602739727,
        63.02521008403362,
        102.73972602739727,
        63.02521008403362,
        102.73972602739727,
        63.02521008403362,
        102.73972602739727,
        63.02521008403362,
        102.73972602739727,
        63.02521008403362,
        102.73972602739727,
        63.02521008403362,
        102.73972602739727,
        63.02521008403362,
        102.73972602739727,
        63.02521008403362,
        102.73972602739727,
        63.02521008403362,
        102.73972602739727
    ],
    "n_const": [
        1.52,
        2.38,
        1.46,
        2.38,
        1.46,
        2.38,
        1.46,
        2.38,
        1.46,
        2.38,
        1.46,
        2.38,
        1.46,
        2.38,
        1.46,
        2.38,
        1.46,
        2.38,
        1.46,
        2.38,
        1.46
    ]
}
